Tools,22976
Health & Personal Care,63334
Mobile_Apps,24421
Mobile_Electronics,1341
Watches,12814
Lawn and Garden,34403
Home,79679
PC,68091
Major Appliances,1155
Camera,22915
Apparel,65071
Beauty,65102
Pet Products,32178
Grocery,35523
Baby,20970
Digital_Software,618
Digital_Music_Purchase,14674
Luggage,5420
Electronics,28960
Outdoors,31002
Video Games,14563
Software,2498
Automotive,49709
Personal_Care_Appliances,880
Digital_Video_Games,1723
Musical Instruments,12236
Books,165831
Office Products,32259
Wireless,97289
Jewelry,21780
Digital_Ebook_Purchase,184728
Toys,65424
Gift Card,812
Digital_Video_Download,27227
Music,32115
Shoes,41018
Video,871
Home Improvement,35234
Home Entertainment,5720
Kitchen,53945
Furniture,10879
Sports,62045
Video DVD,55786
